{"roberta_cv0": {"name": "roberta", "thresh": 0.5, "f1": 0.3868520859671303}, "roberta_cv1": {"name": "roberta", "thresh": 0.35, "f1": 0.3868520859671303}, "roberta_cv2": {"name": "roberta", "thresh": 0.55, "f1": 0.3868520859671303}, "roberta_cv3": {"name": "roberta", "thresh": 0.5, "f1": 0.3868520859671303}, "roberta_cv4": {"name": "roberta", "thresh": 0.45, "f1": 0.3868520859671303}, "wwm_cv0": {"name": "wwm", "thresh": 0.4500000000000001, "f1": 0.3868520859671303}, "wwm_cv1": {"name": "wwm", "thresh": 0.600000000000001, "f1": 0.3868520859671303}, "wwm_cv2": {"name": "wwm", "thresh": 0.3500000000000001, "f1": 0.3868520859671303}, "wwm_cv3": {"name": "wwm", "thresh": 0.500000000000001, "f1": 0.3868520859671303}, "wwm_cv4": {"name": "wwm", "thresh": 0.600000000000001, "f1": 0.3868520859671303}, "ernie_cv1": {"name": "ernie", "thresh": 0.7500000000000001, "f1": 0.3868520859671303}, "ernie_cv2": {"name": "ernie", "thresh": 0.500000000000001, "f1": 0.3868520859671303}, "ernie_cv3": {"name": "ernie", "thresh": 0.700000000000001, "f1": 0.3868520859671303}, "ernie_cv4": {"name": "ernie", "thresh": 0.7500000000000001, "f1": 0.3868520859671303}, "roberta_focal_cv0": {"name": "roberta_focal", "thresh": 0.35, "f1": 0.7833333333333333}, "roberta_focal_cv1": {"name": "roberta_focal", "thresh": 0.3749999999999999, "f1": 0.8455114822546973}, "roberta_focal_cv2": {"name": "roberta_focal", "thresh": 0.22499999999999998, "f1": 0.8355739400206825}, "roberta_focal_cv3": {"name": "roberta_focal", "thresh": 0.47499999999999987, "f1": 0.7962382445141065}, "roberta_focal_cv4": {"name": "roberta_focal", "thresh": 0.47499999999999987, "f1": 0.8249496981891348}, "wwm_focal_cv0": {"name": "wwm_focal", "thresh": 0.22499999999999998, "f1": 0.7887323943661972}, "wwm_focal_cv1": {"name": "wwm_focal", "thresh": 0.3749999999999999, "f1": 0.8340248962655602}, "wwm_focal_cv2": {"name": "wwm_focal", "thresh": 0.1, "f1": 0.8231644260599793}, "wwm_focal_cv3": {"name": "wwm_focal", "thresh": 0.3749999999999999, "f1": 0.7732497387669802}, "wwm_focal_cv4": {"name": "wwm_focal", "thresh": 0.3749999999999999, "f1": 0.811740890688259}}